url,timestamp
https://as.its-kenpo.or.jp/calendar_apply/calendar_select?s=PVVqTjBZVE93VWpOM0VUUHpWbWNwQkhlbDlWZW1sbWNsWm5KeDBEWnA5VmV5OTJabFJYWWo5VlpqbG1keVYyYw%3D%3D,2025-12-09 17:14:57
https://as.its-kenpo.or.jp/calendar_apply/calendar_select?s=PVFETXpZak53VWpOM0VUUHpWbWNwQkhlbDlWZW1sbWNsWm5KeDBEWnA5VmV5OTJabFJYWWo5VlpqbG1keVYyYw%3D%3D,2025-12-10 07:32:35
https://as.its-kenpo.or.jp/calendar_apply/calendar_select?s=PVlqTjVBek53VWpOM0VUUHpWbWNwQkhlbDlWZW1sbWNsWm5KeDBEWnA5VmV5OTJabFJYWWo5VlpqbG1keVYyYw%3D%3D,2025-12-10 08:50:17
https://as.its-kenpo.or.jp/calendar_apply/calendar_select?s=PVVUTjBJVE0yUWpOM0VUUHpWbWNwQkhlbDlWZW1sbWNsWm5KeDBEWnA5VmV5OTJabFJYWWo5VlpqbG1keVYyYw%3D%3D,2025-12-11 08:18:12
https://as.its-kenpo.or.jp/calendar_apply/calendar_select?s=PUFqTjVBRE4yVWpOM0VUUHpWbWNwQkhlbDlWZW1sbWNsWm5KeDBEWnA5VmV5OTJabFJYWWo5VlpqbG1keVYyYw%3D%3D,2025-12-25 08:59:53
https://as.its-kenpo.or.jp/calendar_apply/calendar_select?s=PWNUTnlBak15WWpOM0VUUHpWbWNwQkhlbDlWZW1sbWNsWm5KeDBEWnA5VmV5OTJabFJYWWo5VlpqbG1keVYyYw%3D%3D,2025-12-25 09:05:08
https://as.its-kenpo.or.jp/calendar_apply/calendar_select?s=PVFUTjNFak14WWpOM0VUUHpWbWNwQkhlbDlWZW1sbWNsWm5KeDBEWnA5VmV5OTJabFJYWWo5VlpqbG1keVYyYw%3D%3D,2025-12-26 11:35:29
https://as.its-kenpo.or.jp/calendar_apply/calendar_select?s=PVlETXdrek4wWWpOM0VUUHpWbWNwQkhlbDlWZW1sbWNsWm5KeDBEWnA5VmV5OTJabFJYWWo5VlpqbG1keVYyYw%3D%3D,2025-12-30 13:46:01
https://as.its-kenpo.or.jp/calendar_apply/calendar_select?s=PVlUTjFnek16WWpOM0VUUHpWbWNwQkhlbDlWZW1sbWNsWm5KeDBEWnA5VmV5OTJabFJYWWo5VlpqbG1keVYyYw%3D%3D,2025-12-30 14:45:12
https://as.its-kenpo.or.jp/calendar_apply/calendar_select?s=PWN6TnhJRE56WWpOM0VUUHpWbWNwQkhlbDlWZW1sbWNsWm5KeDBEWnA5VmV5OTJabFJYWWo5VlpqbG1keVYyYw%3D%3D,2025-12-30 15:45:32
https://as.its-kenpo.or.jp/calendar_apply/calendar_select?s=PVFUTXdjVE93Y2pOM0VUUHpWbWNwQkhlbDlWZW1sbWNsWm5KeDBEWnA5VmV5OTJabFJYWWo5VlpqbG1keVYyYw%3D%3D,2026-01-05 08:21:17
https://as.its-kenpo.or.jp/calendar_apply/calendar_select?s=PUV6TTJBRE14Y2pOM0VUUHpWbWNwQkhlbDlWZW1sbWNsWm5KeDBEWnA5VmV5OTJabFJYWWo5VlpqbG1keVYyYw%3D%3D,2026-01-05 09:21:33
https://as.its-kenpo.or.jp/calendar_apply/calendar_select?s=PUVUTnlRRE14Y2pOM0VUUHpWbWNwQkhlbDlWZW1sbWNsWm5KeDBEWnA5VmV5OTJabFJYWWo5VlpqbG1keVYyYw%3D%3D,2026-01-05 10:21:53
https://as.its-kenpo.or.jp/calendar_apply/calendar_select?s=PUlUTXdjak40WWpOM0VUUHpWbWNwQkhlbDlWZW1sbWNsWm5KeDBEWnA5VmV5OTJabFJYWWo5VlpqbG1keVYyYw%3D%3D,2026-01-05 10:44:24
https://as.its-kenpo.or.jp/calendar_apply/calendar_select?s=PVF6TTJBek40WWpOM0VUUHpWbWNwQkhlbDlWZW1sbWNsWm5KeDBEWnA5VmV5OTJabFJYWWo5VlpqbG1keVYyYw%3D%3D,2026-01-05 11:44:45
https://as.its-kenpo.or.jp/calendar_apply/calendar_select?s=PUFUTnlRek40WWpOM0VUUHpWbWNwQkhlbDlWZW1sbWNsWm5KeDBEWnA5VmV5OTJabFJYWWo5VlpqbG1keVYyYw%3D%3D,2026-01-05 12:45:02
https://as.its-kenpo.or.jp/calendar_apply/calendar_select?s=PVF6TjRjek40WWpOM0VUUHpWbWNwQkhlbDlWZW1sbWNsWm5KeDBEWnA5VmV5OTJabFJYWWo5VlpqbG1keVYyYw%3D%3D,2026-01-05 13:45:25
https://as.its-kenpo.or.jp/calendar_apply/calendar_select?s=PWtUTzBFRE80WWpOM0VUUHpWbWNwQkhlbDlWZW1sbWNsWm5KeDBEWnA5VmV5OTJabFJYWWo5VlpqbG1keVYyYw%3D%3D,2026-01-05 14:45:51
https://as.its-kenpo.or.jp/calendar_apply/calendar_select?s=PVlETjFBak14Y2pOM0VUUHpWbWNwQkhlbDlWZW1sbWNsWm5KeDBEWnA5VmV5OTJabFJYWWo5VlpqbG1keVYyYw%3D%3D,2026-01-05 14:53:29
https://as.its-kenpo.or.jp/calendar_apply/calendar_select?s=PVVETTRrak54Y2pOM0VUUHpWbWNwQkhlbDlWZW1sbWNsWm5KeDBEWnA5VmV5OTJabFJYWWo5VlpqbG1keVYyYw%3D%3D,2026-01-05 19:40:41
https://as.its-kenpo.or.jp/calendar_apply/calendar_select?s=PUVETjBNek54Y2pOM0VUUHpWbWNwQkhlbDlWZW1sbWNsWm5KeDBEWnA5VmV5OTJabFJYWWo5VlpqbG1keVYyYw%3D%3D,2026-01-05 20:41:16
https://as.its-kenpo.or.jp/calendar_apply/calendar_select?s=PUVqTndjek54Y2pOM0VUUHpWbWNwQkhlbDlWZW1sbWNsWm5KeDBEWnA5VmV5OTJabFJYWWo5VlpqbG1keVYyYw%3D%3D,2026-01-05 21:41:36
https://as.its-kenpo.or.jp/calendar_apply/calendar_select?s=PUFET3hnRE0yY2pOM0VUUHpWbWNwQkhlbDlWZW1sbWNsWm5KeDBEWnA5VmV5OTJabFJYWWo5VlpqbG1keVYyYw%3D%3D,2026-01-06 08:37:12
https://as.its-kenpo.or.jp/calendar_apply/calendar_select?s=PUlETTRFVE0yY2pOM0VUUHpWbWNwQkhlbDlWZW1sbWNsWm5KeDBEWnA5VmV5OTJabFJYWWo5VlpqbG1keVYyYw%3D%3D,2026-01-06 09:37:33
https://as.its-kenpo.or.jp/calendar_apply/calendar_select?s=PUFUTTVnRE95Y2pOM0VUUHpWbWNwQkhlbDlWZW1sbWNsWm5KeDBEWnA5VmV5OTJabFJYWWo5VlpqbG1keVYyYw%3D%3D,2026-01-06 18:56:02
https://as.its-kenpo.or.jp/calendar_apply/calendar_select?s=PUV6TTFJVE95Y2pOM0VUUHpWbWNwQkhlbDlWZW1sbWNsWm5KeDBEWnA5VmV5OTJabFJYWWo5VlpqbG1keVYyYw%3D%3D,2026-01-06 19:56:22
https://as.its-kenpo.or.jp/calendar_apply/calendar_select?s=PWdETnhZVE95Y2pOM0VUUHpWbWNwQkhlbDlWZW1sbWNsWm5KeDBEWnA5VmV5OTJabFJYWWo5VlpqbG1keVYyYw%3D%3D,2026-01-06 20:56:39
https://as.its-kenpo.or.jp/calendar_apply/calendar_select?s=PVVqTXhrek0yY2pOM0VUUHpWbWNwQkhlbDlWZW1sbWNsWm5KeDBEWnA5VmV5OTJabFJYWWo5VlpqbG1keVYyYw%3D%3D,2026-01-07 20:12:56
https://as.its-kenpo.or.jp/calendar_apply/calendar_select?s=PVlUTnhVek56Y2pOM0VUUHpWbWNwQkhlbDlWZW1sbWNsWm5KeDBEWnA5VmV5OTJabFJYWWo5VlpqbG1keVYyYw%3D%3D,2026-01-08 08:53:28
https://as.its-kenpo.or.jp/calendar_apply/calendar_select?s=PUFETjRnek56Y2pOM0VUUHpWbWNwQkhlbDlWZW1sbWNsWm5KeDBEWnA5VmV5OTJabFJYWWo5VlpqbG1keVYyYw%3D%3D,2026-01-08 09:54:52
https://as.its-kenpo.or.jp/calendar_apply/calendar_select?s=PVVUTXlnek14Y2pOM0VUUHpWbWNwQkhlbDlWZW1sbWNsWm5KeDBEWnA5VmV5OTJabFJYWWo5VlpqbG1keVYyYw%3D%3D,2026-01-08 14:04:26
https://as.its-kenpo.or.jp/calendar_apply/calendar_select?s=PVlETjRFRE54Y2pOM0VUUHpWbWNwQkhlbDlWZW1sbWNsWm5KeDBEWnA5VmV5OTJabFJYWWo5VlpqbG1keVYyYw%3D%3D,2026-01-08 15:04:58
https://as.its-kenpo.or.jp/calendar_apply/calendar_select?s=PVV6TjBVRE54Y2pOM0VUUHpWbWNwQkhlbDlWZW1sbWNsWm5KeDBEWnA5VmV5OTJabFJYWWo5VlpqbG1keVYyYw%3D%3D,2026-01-08 16:05:27
https://as.its-kenpo.or.jp/calendar_apply/calendar_select?s=PWNETXhrRE54Y2pOM0VUUHpWbWNwQkhlbDlWZW1sbWNsWm5KeDBEWnA5VmV5OTJabFJYWWo5VlpqbG1keVYyYw%3D%3D,2026-01-08 17:05:59
https://as.its-kenpo.or.jp/calendar_apply/calendar_select?s=PU1qTjNJVE54Y2pOM0VUUHpWbWNwQkhlbDlWZW1sbWNsWm5KeDBEWnA5VmV5OTJabFJYWWo5VlpqbG1keVYyYw%3D%3D,2026-01-08 18:06:55
https://as.its-kenpo.or.jp/calendar_apply/calendar_select?s=PWdET3pZVE54Y2pOM0VUUHpWbWNwQkhlbDlWZW1sbWNsWm5KeDBEWnA5VmV5OTJabFJYWWo5VlpqbG1keVYyYw%3D%3D,2026-01-08 19:07:20
https://as.its-kenpo.or.jp/calendar_apply/calendar_select?s=PUlqTXlJak0yY2pOM0VUUHpWbWNwQkhlbDlWZW1sbWNsWm5KeDBEWnA5VmV5OTJabFJYWWo5VlpqbG1keVYyYw%3D%3D,2026-01-08 20:31:14
https://as.its-kenpo.or.jp/calendar_apply/calendar_select?s=PWd6TTRVak0yY2pOM0VUUHpWbWNwQkhlbDlWZW1sbWNsWm5KeDBEWnA5VmV5OTJabFJYWWo5VlpqbG1keVYyYw%3D%3D,2026-01-08 21:31:30
https://as.its-kenpo.or.jp/calendar_apply/calendar_select?s=PVlqTnhRek16Y2pOM0VUUHpWbWNwQkhlbDlWZW1sbWNsWm5KeDBEWnA5VmV5OTJabFJYWWo5VlpqbG1keVYyYw%3D%3D,2026-01-09 08:30:17
https://as.its-kenpo.or.jp/calendar_apply/calendar_select?s=PUFqTXhVRE56Y2pOM0VUUHpWbWNwQkhlbDlWZW1sbWNsWm5KeDBEWnA5VmV5OTJabFJYWWo5VlpqbG1keVYyYw%3D%3D,2026-01-09 11:32:52
https://as.its-kenpo.or.jp/calendar_apply/calendar_select?s=PUl6TnljRE56Y2pOM0VUUHpWbWNwQkhlbDlWZW1sbWNsWm5KeDBEWnA5VmV5OTJabFJYWWo5VlpqbG1keVYyYw%3D%3D,2026-01-09 12:08:58
https://as.its-kenpo.or.jp/calendar_apply/calendar_select?s=PWdqTnprVE93Y2pOM0VUUHpWbWNwQkhlbDlWZW1sbWNsWm5KeDBEWnA5VmV5OTJabFJYWWo5VlpqbG1keVYyYw%3D%3D,2026-01-09 12:16:59
https://as.its-kenpo.or.jp/calendar_apply/calendar_select?s=PUFUTzVJRE14Y2pOM0VUUHpWbWNwQkhlbDlWZW1sbWNsWm5KeDBEWnA5VmV5OTJabFJYWWo5VlpqbG1keVYyYw%3D%3D,2026-01-09 13:17:22
https://as.its-kenpo.or.jp/calendar_apply/calendar_select?s=PUVUTTJZRE14Y2pOM0VUUHpWbWNwQkhlbDlWZW1sbWNsWm5KeDBEWnA5VmV5OTJabFJYWWo5VlpqbG1keVYyYw%3D%3D,2026-01-09 14:17:43
https://as.its-kenpo.or.jp/calendar_apply/calendar_select?s=PVlETzRNVE14Y2pOM0VUUHpWbWNwQkhlbDlWZW1sbWNsWm5KeDBEWnA5VmV5OTJabFJYWWo5VlpqbG1keVYyYw%3D%3D,2026-01-09 16:18:58
https://as.its-kenpo.or.jp/calendar_apply/calendar_select?s=PVFUTTJZak13Y2pOM0VUUHpWbWNwQkhlbDlWZW1sbWNsWm5KeDBEWnA5VmV5OTJabFJYWWo5VlpqbG1keVYyYw%3D%3D,2026-01-11 19:54:07
https://as.its-kenpo.or.jp/calendar_apply/calendar_select?s=PWdUTnlBek13Y2pOM0VUUHpWbWNwQkhlbDlWZW1sbWNsWm5KeDBEWnA5VmV5OTJabFJYWWo5VlpqbG1keVYyYw%3D%3D,2026-01-11 20:54:51
https://as.its-kenpo.or.jp/calendar_apply/calendar_select?s=PWd6TXlJek13Y2pOM0VUUHpWbWNwQkhlbDlWZW1sbWNsWm5KeDBEWnA5VmV5OTJabFJYWWo5VlpqbG1keVYyYw%3D%3D,2026-01-11 21:27:50
https://as.its-kenpo.or.jp/calendar_apply/calendar_select?s=PVlETnhZVE4xY2pOM0VUUHpWbWNwQkhlbDlWZW1sbWNsWm5KeDBEWnA5VmV5OTJabFJYWWo5VlpqbG1keVYyYw%3D%3D,2026-01-13 07:59:38
https://as.its-kenpo.or.jp/calendar_apply/calendar_select?s=PVlqTjNrVE4xY2pOM0VUUHpWbWNwQkhlbDlWZW1sbWNsWm5KeDBEWnA5VmV5OTJabFJYWWo5VlpqbG1keVYyYw%3D%3D,2026-01-13 08:59:58
https://as.its-kenpo.or.jp/calendar_apply/calendar_select?s=PWNUTTVRVE13Z2pOM0VUUHpWbWNwQkhlbDlWZW1sbWNsWm5KeDBEWnA5VmV5OTJabFJYWWo5VlpqbG1keVYyYw%3D%3D,2026-01-13 21:25:50
https://as.its-kenpo.or.jp/calendar_apply/calendar_select?s=PWNETnpFVE13Z2pOM0VUUHpWbWNwQkhlbDlWZW1sbWNsWm5KeDBEWnA5VmV5OTJabFJYWWo5VlpqbG1keVYyYw%3D%3D,2026-01-13 21:26:19
https://as.its-kenpo.or.jp/calendar_apply/calendar_select?s=PWNETTBnVE8wY2pOM0VUUHpWbWNwQkhlbDlWZW1sbWNsWm5KeDBEWnA5VmV5OTJabFJYWWo5VlpqbG1keVYyYw%3D%3D,2026-01-14 09:57:22
https://as.its-kenpo.or.jp/calendar_apply/calendar_select?s=PVlET3pFRE80Z2pOM0VUUHpWbWNwQkhlbDlWZW1sbWNsWm5KeDBEWnA5VmV5OTJabFJYWWo5VlpqbG1keVYyYw%3D%3D,2026-01-24 09:28:19
https://as.its-kenpo.or.jp/calendar_apply/calendar_select?s=PUlUTXdVRE80Z2pOM0VUUHpWbWNwQkhlbDlWZW1sbWNsWm5KeDBEWnA5VmV5OTJabFJYWWo5VlpqbG1keVYyYw%3D%3D,2026-01-24 10:28:45
https://as.its-kenpo.or.jp/calendar_apply/calendar_select?s=PVFUTjBVVE80Z2pOM0VUUHpWbWNwQkhlbDlWZW1sbWNsWm5KeDBEWnA5VmV5OTJabFJYWWo5VlpqbG1keVYyYw%3D%3D,2026-01-24 13:22:47
